{"mbedtls_rsa_pkcs1_encrypt": {"avg": 15280266.105263159, "stdev": 3748.2400467525636}}