{"mbedtls_rsa_pkcs1_encrypt": {"avg": 4167693.1052631577, "stdev": 2866.4122389766853}}