{"mbedtls_rsa_pkcs1_decrypt": {"avg": 1691976600.7631578, "stdev": 2015525.8345763048}}