{"mbedtls_rsa_pkcs1_decrypt": {"avg": 314975364.6052632, "stdev": 676291.3594518404}}