{"mbedtls_rsa_pkcs1_encrypt": {"avg": 542291.447368421, "stdev": 836.1318497270767}}