{"mbedtls_rsa_pkcs1_decrypt": {"avg": 20362831.07894737, "stdev": 125590.4282209569}}