{"client": {"mbedtls_ssl_handshake": {"TLS-PSK": {"avg": 1355004.6315789474, "stdev": 51003.8702063225}, "TLS-RSA-PSK": {"avg": 7293472.733333333, "stdev": 84813.516250542}, "TLS-ECDHE-PSK": {"avg": 91713096.0909091, "stdev": 142807.29471385875}, "TLS-RSA": {"avg": 7309586.869565218, "stdev": 71843.82810482012}, "TLS-ECDH-RSA": {"avg": 93325334.92307693, "stdev": 102107.08039150333}, "TLS-ECDHE-RSA": {"avg": 96730900.92307693, "stdev": 93708.22652117364}, "TLS-DHE-PSK": {"avg": 950212731.5789474, "stdev": 787892.395957815}, "TLS-DHE-RSA": {"avg": 955840113.9444444, "stdev": 861069.2673236862}, "TLS-ECDH-ECDSA": {"avg": 148415289, "stdev": 126285.36552585973}, "TLS-ECDHE-ECDSA": {"avg": 242501399.11764705, "stdev": 149155.07254778597}}}, "server": {"mbedtls_ssl_handshake": {"TLS-PSK": {"avg": 1381497.0526315789, "stdev": 50890.61906074601}, "TLS-RSA-PSK": {"avg": 317389619.26666665, "stdev": 662953.3036531593}, "TLS-ECDHE-PSK": {"avg": 91773474.27272727, "stdev": 94655.51750224696}, "TLS-RSA": {"avg": 317196961.34782606, "stdev": 698637.2699731963}, "TLS-ECDH-RSA": {"avg": 46480720.307692304, "stdev": 107770.99810275537}, "TLS-ECDHE-RSA": {"avg": 409652622.9230769, "stdev": 951326.0396588948}, "TLS-DHE-PSK": {"avg": 950691653.1578947, "stdev": 1289705.5551490237}, "TLS-DHE-RSA": {"avg": 1268235354.3333333, "stdev": 857920.8775117833}, "TLS-ECDH-ECDSA": {"avg": 46390602.84615385, "stdev": 132249.69661896277}, "TLS-ECDHE-ECDSA": {"avg": 141506181.11764705, "stdev": 147012.51140544226}}}}