{"client": {"mbedtls_ssl_handshake": {"TLS-PSK": {"avg": 1354828.6315789474, "stdev": 51043.25238811419}, "TLS-RSA-PSK": {"avg": 18578391.733333334, "stdev": 103340.91795222995}, "TLS-ECDHE-PSK": {"avg": 109203284.72727273, "stdev": 813688.6339071096}, "TLS-RSA": {"avg": 18608492.260869566, "stdev": 82622.67625461129}, "TLS-ECDH-RSA": {"avg": 111532115.76923077, "stdev": 623350.3495707896}, "TLS-ECDHE-RSA": {"avg": 124773055, "stdev": 696487.7221940097}, "TLS-DHE-PSK": {"avg": 7181764420.894737, "stdev": 5195398.268769519}, "TLS-DHE-RSA": {"avg": 7196088947.111111, "stdev": 6405986.801484657}, "TLS-ECDH-ECDSA": {"avg": 166815336.3846154, "stdev": 554471.4024677826}, "TLS-ECDHE-ECDSA": {"avg": 280626510.0588235, "stdev": 1071418.2329301587}}}, "server": {"mbedtls_ssl_handshake": {"TLS-PSK": {"avg": 1382002.2105263157, "stdev": 50903.317575335284}, "TLS-RSA-PSK": {"avg": 1694178054.5333333, "stdev": 2427763.185697569}, "TLS-ECDHE-PSK": {"avg": 109500050.27272727, "stdev": 905013.0044034827}, "TLS-RSA": {"avg": 1694747500.0869565, "stdev": 1705522.604277083}, "TLS-ECDH-RSA": {"avg": 55636526.538461536, "stdev": 576001.056492031}, "TLS-ECDHE-RSA": {"avg": 1810563620.3846154, "stdev": 3011340.554684811}, "TLS-DHE-PSK": {"avg": 7181243788.368421, "stdev": 5402426.792380657}, "TLS-DHE-RSA": {"avg": 8883866053.555555, "stdev": 5993185.761387582}, "TLS-ECDH-ECDSA": {"avg": 55927920.538461536, "stdev": 688073.7475920992}, "TLS-ECDHE-ECDSA": {"avg": 169996895.94117647, "stdev": 1051306.640830024}}}}