{"mbedtls_dhm_make_public": {"avg": 474938145.7162162, "stdev": 490495.8958055297}}