{"mbedtls_dhm_calc_secret": {"avg": 66712993.5945946, "stdev": 107669.09483696552}}