{"mbedtls_dhm_make_public": {"avg": 10455300.35135135, "stdev": 31005.362254493906}}