{"mbedtls_dhm_calc_secret": {"avg": 473634908.0135135, "stdev": 493587.8820602249}}