{"mbedtls_dhm_calc_secret": {"avg": 10279377.824324325, "stdev": 27043.60357531108}}