{"mbedtls_dhm_calc_secret": {"avg": 3586324216.918919, "stdev": 2791154.13887225}}