{"mbedtls_dhm_make_public": {"avg": 67136033.43243243, "stdev": 108792.56574357788}}