{"mbedtls_dhm_make_public": {"avg": 3592631107.918919, "stdev": 2792005.6034342432}}