{"mbedtls_mpi_fill_random": {"avg": 46094.34259259259, "stdev": 52146.712064730484}}