{"mbedtls_mpi_fill_random": {"avg": 54250.59259259259, "stdev": 66754.78550930425}}