{"mbedtls_mpi_fill_random": {"avg": 47002.17592592593, "stdev": 52546.301672830654}}