{"mbedtls_ecdh_gen_public": {"avg": 54449740.10185185, "stdev": 487566.7557838684}}