{"mbedtls_ecdh_gen_public": {"avg": 12942518.287037037, "stdev": 33355.75191554553}}