{"mbedtls_ecdh_gen_public": {"avg": 45900358.05555555, "stdev": 65731.3242156057}}