{"mbedtls_ecdh_compute_shared": {"avg": 26958611.865671642, "stdev": 137745.1446961026}}