{"mbedtls_ecdh_compute_shared": {"avg": 44331330.36567164, "stdev": 100040.48289165794}}