{"mbedtls_ecdh_gen_public": {"avg": 27483911.796296295, "stdev": 94940.18826389742}}