{"mbedtls_ecdh_compute_shared": {"avg": 12462676.634328358, "stdev": 55222.363478290536}}