{"mbedtls_mpi_fill_random": {"avg": 45810.27777777778, "stdev": 52095.45619248791}}