{"mbedtls_sha256_update_ret": {"avg": 270538.7978723404, "stdev": 252240.94472486002}}