{"client": {"mbedtls_ssl_handshake": {"TLS-PSK": {"avg": 1198666.3157894737, "stdev": 46996.99767603675}, "TLS-RSA-PSK": {"avg": 4204098.933333334, "stdev": 72256.73464061193}, "TLS-ECDHE-PSK": {"avg": 52882577, "stdev": 131503.8439225257}, "TLS-RSA": {"avg": 4220796.565217392, "stdev": 63028.22614066443}, "TLS-ECDH-RSA": {"avg": 54333345, "stdev": 113222.60892301207}, "TLS-ECDHE-RSA": {"avg": 55538348.692307696, "stdev": 201025.83167692018}, "TLS-DHE-PSK": {"avg": 133524169.94444445, "stdev": 312998.1267285556}, "TLS-DHE-RSA": {"avg": 136137543.1111111, "stdev": 191888.08354868452}, "TLS-ECDH-ECDSA": {"avg": 106799493.3076923, "stdev": 120961.85909229447}, "TLS-ECDHE-ECDSA": {"avg": 160445223.2352941, "stdev": 253355.1597679948}}}, "server": {"mbedtls_ssl_handshake": {"TLS-PSK": {"avg": 1216571.894736842, "stdev": 46733.140706800754}, "TLS-RSA-PSK": {"avg": 75592832.33333333, "stdev": 271637.4663177446}, "TLS-ECDHE-PSK": {"avg": 52937635.45454545, "stdev": 142052.91966190882}, "TLS-RSA": {"avg": 75480233.60869566, "stdev": 233819.25322443154}, "TLS-ECDH-RSA": {"avg": 27519265.53846154, "stdev": 120381.2442801448}, "TLS-ECDHE-RSA": {"avg": 127756693.92307693, "stdev": 365528.1751425968}, "TLS-DHE-PSK": {"avg": 133582829.55555555, "stdev": 226794.52871998536}, "TLS-DHE-RSA": {"avg": 208721232.16666666, "stdev": 354614.62268749456}, "TLS-ECDH-ECDSA": {"avg": 27460690.615384616, "stdev": 102767.52375753933}, "TLS-ECDHE-ECDSA": {"avg": 81501693.11764705, "stdev": 175113.88707634038}}}}