{"mbedtls_pk_sign": {"avg": 1700652764.032258, "stdev": 2283718.212195957}}