{"mbedtls_pk_sign": {"avg": 49150395.47058824, "stdev": 82047.29575305761}}