{"mbedtls_pk_sign": {"avg": 14497591.294117646, "stdev": 49045.176106785344}}