{"mbedtls_pk_sign": {"avg": 317087209.4516129, "stdev": 716960.8274406089}}