{"mbedtls_pk_sign": {"avg": 20559189.870967742, "stdev": 117075.01744828453}}