{"mbedtls_pk_verify": {"avg": 114744020.47058824, "stdev": 843860.659421782}}