{"mbedtls_pk_verify": {"avg": 3295296.0322580645, "stdev": 253.48444842119576}}