{"mbedtls_pk_sign": {"avg": 59732056.11764706, "stdev": 441815.06845297874}}