{"mbedtls_pk_verify": {"avg": 56260701.941176474, "stdev": 162364.92032396907}}