{"mbedtls_pk_verify": {"avg": 13436728.258064516, "stdev": 701.8124615470972}}