{"mbedtls_pk_verify": {"avg": 398584.4193548387, "stdev": 198.428454645253}}