{"mbedtls_pk_verify": {"avg": 1117868.1290322582, "stdev": 748.3818874494261}}