{"mbedtls_pk_sign": {"avg": 29512990.76470588, "stdev": 95776.14454845307}}