{"mbedtls_pk_sign": {"avg": 75738801.80645162, "stdev": 317046.4929691353}}