{"mbedtls_pk_verify": {"avg": 26839272.588235293, "stdev": 50815.996901884675}}