{"mbedtls_pk_verify": {"avg": 94077150.41176471, "stdev": 130275.04654386945}}