{"mbedtls_ssl_parse_certificate": {"avg": 56964836.88235294, "stdev": 48247.19107611648}}