{"mbedtls_ssl_parse_certificate": {"avg": 1629595.9736842106, "stdev": 45373.37722300281}}