{"tls_prf_generic": {"avg": 982957.2888198758, "stdev": 14829.55439428797}}