{"mbedtls_rsa_pkcs1_encrypt": {"avg": 1504367.394736842, "stdev": 2012.1546007374402}}