{"mbedtls_ssl_parse_certificate": {"avg": 56809542.52941176, "stdev": 45064.22317387382}}