{"mbedtls_ssl_write_finished": {"avg": 156647.85403726707, "stdev": 21950.030234946764}}