{"tls_prf_generic": {"avg": 1009177.5155279504, "stdev": 50184.998139451665}}