{"mbedtls_ssl_parse_finished": {"avg": 164897.33229813664, "stdev": 25322.29655650262}}