{"mbedtls_x509_crt_parse_der": {"avg": 149767.76470588235, "stdev": 5317.690799696469}}