{"mbedtls_ssl_parse_finished": {"avg": 164679.7950310559, "stdev": 23952.043198928557}}