{"mbedtls_x509_crt_parse_der": {"avg": 133165.70967741936, "stdev": 12025.577963085041}}