{"mbedtls_x509_crt_parse_der": {"avg": 153289.41176470587, "stdev": 2753.9558606399164}}