{"mbedtls_x509_crt_parse_der": {"avg": 157350.51612903227, "stdev": 1778.0698124833332}}