{"mbedtls_ssl_parse_finished": {"avg": 164983.8788819876, "stdev": 26243.557219032813}}