{"mbedtls_ssl_parse_certificate": {"avg": 56923050.058823526, "stdev": 45174.600306021784}}