{"mbedtls_ssl_parse_certificate": {"avg": 56927568.11764706, "stdev": 45922.78751595219}}