{"tls_prf_generic": {"avg": 986854.3447204969, "stdev": 19226.598435933047}}