{"tls_prf_generic": {"avg": 992440.9596273291, "stdev": 29438.993986375095}}