{"mbedtls_ssl_parse_certificate": {"avg": 1725409.8684210526, "stdev": 51576.78087330082}}