{"mbedtls_ssl_parse_finished": {"avg": 163500.52173913043, "stdev": 24703.086728334692}}