{"mbedtls_ssl_write_finished": {"avg": 158717.24223602485, "stdev": 22451.333295760818}}