{"mbedtls_ssl_parse_certificate": {"avg": 1853104.4473684211, "stdev": 59852.65672700702}}