{"mbedtls_ssl_write_finished": {"avg": 157912.03726708074, "stdev": 23253.161606332065}}