{"mbedtls_ssl_read_record": {"avg": 312059.2894736842, "stdev": 47589.128562018435}}