{"mbedtls_x509_crt_parse_der": {"avg": 141334.06451612903, "stdev": 4191.055053607098}}