{"mbedtls_ssl_write_finished": {"avg": 158306.10248447204, "stdev": 22560.862982241677}}