{"mbedtls_x509_crt_parse_der": {"avg": 136024.5806451613, "stdev": 10943.20456653106}}