{"mbedtls_ssl_parse_certificate": {"avg": 1662094.9473684211, "stdev": 47593.763756228}}