{"mbedtls_x509_crt_parse_der": {"avg": 156070.9411764706, "stdev": 13.585242858683527}}