{"mbedtls_x509_crt_parse_der": {"avg": 170558.70588235295, "stdev": 1714.4888365306538}}